Value,Language
"[0.5400243345913974, 0.46368754179924193, 0.4474580500598375, 0.5304069220325378, 0.43927282822238256, 0.501952035988292, 0.43391054558768366, 0.5143504594820384, 0.4382741902051264, 0.456587588394296]",en
"[0.39203873761589275, 0.3997150997150997, 0.4702360907258249, 0.32389179448002975, 0.39612072808794124, 0.5070719186019562, 0.3179764909930795, 0.42767734736170887, 0.37924297924297923, 0.43222954013781006]",ru
"[0.39850385982537473, 0.44191459218781626, 0.4320069427205353, 0.4212962962962963, 0.42134020949810425, 0.43942918891431476, 0.4833068625504599, 0.380810016314218, 0.47821067821067825, 0.43004055889113824]",fr
"[0.4246951509337758, 0.39344001714561266, 0.4284530999630223, 0.41497203725464593, 0.513221096218808, 0.5317505738813245, 0.42451553910495066, 0.5272688893027876, 0.42610905568525737, 0.3878581735724593]",ar
"[0.43828884190123785, 0.36486541749699647, 0.45340136054421776, 0.34611092611092614, 0.36797682035777274, 0.4030888757900253, 0.4723262032085562, 0.35680635890719925, 0.3386328040753075, 0.4562298711755233]",hi
