Value,Language
"[0.7234207323819007, 0.6736026111791106, 0.6604414261460101, 0.6833715471121302, 0.6906666666666665, 0.6862030569895738, 0.6847414880201765, 0.6328029375764994, 0.6703296703296703, 0.6906666666666668]",en
"[0.6847414880201765, 0.5738636363636364, 0.6249999999999999, 0.6338529134846741, 0.586606035551881, 0.648, 0.6871966346672419, 0.6093337556752192, 0.6458333333333333, 0.6266666666666667]",ru
"[0.6880570409982174, 0.6783898744683059, 0.6833715471121302, 0.7360363214021752, 0.6396986570586309, 0.64349376114082, 0.6328029375764994, 0.6657754010695187, 0.6604414261460102, 0.7052079921388799]",fr
"[0.6427070197562001, 0.5746446726838883, 0.6138996138996139, 0.6043956043956045, 0.6353496353496353, 0.6880570409982174, 0.6259934548854605, 0.6396986570586309, 0.5967741935483872, 0.6467236467236467]",ar
"[0.6296711929076423, 0.6880570409982174, 0.6687523003312477, 0.6547756041426928, 0.6363636363636364, 0.586606035551881, 0.6615351020853804, 0.6093337556752192, 0.6458333333333333, 0.6666666666666667]",hi
