Value,Language
"[0.7333333333333334, 0.6657754010695187, 0.6756982948007113, 0.609375, 0.7052079921388799, 0.7234207323819006, 0.7453310696095077, 0.736036321402175, 0.6323529411764706, 0.6871741397288843]",en
"[0.5703301673450928, 0.5687468290208015, 0.5611285266457681, 0.587215473522821, 0.5783475783475783, 0.5604395604395604, 0.5386109762020398, 0.5481404240528328, 0.6323529411764706, 0.5123975516132379]",ru
"[0.5242836596968692, 0.46236559139784944, 0.5582120582120581, 0.5623386825272135, 0.5792426367461431, 0.45790463546852533, 0.5552350042072364, 0.587178241864983, 0.5071523019593701, 0.5251017639077341]",fr
"[0.47619047619047616, 0.5086799868981329, 0.4666666666666667, 0.4933333333333334, 0.4419076610857433, 0.5287698412698413, 0.4871794871794872, 0.4933333333333334, 0.4590695997115038, 0.46045532306882486]",ar
"[0.5091164095371669, 0.5071523019593701, 0.42210166293194956, 0.5628946090335114, 0.3969298245614035, 0.5386109762020398, 0.4543650793650794, 0.47987336047037543, 0.5109717868338558, 0.5339912280701755]",hi
