Value,Language
"[0.6209772798008092, 0.5843388710774312, 0.6258114530806237, 0.631976911976912, 0.46660561660561667, 0.6289310493031253, 0.5570169738244392, 0.613412552179299, 0.6242636257628762, 0.610583999456534]",en
"[0.6322664026838255, 0.49153674470130165, 0.5958103815688954, 0.5406584574758174, 0.6309530583214794, 0.6555555555555556, 0.6027573675756426, 0.5804390631688375, 0.6426662022066898, 0.5992992992992993]",ru
"[0.6044328300425862, 0.5835741178530777, 0.5845413845413846, 0.5650793650793652, 0.5454567369116321, 0.5995760821062026, 0.6024891288049182, 0.6333856763170868, 0.6011440897236867, 0.5864122946475887]",fr
"[0.643562851497188, 0.6180940520666548, 0.5897200224511455, 0.651193175165778, 0.6794131794131794, 0.6318566015738852, 0.5826023391812866, 0.6171993911719938, 0.601455854087433, 0.5591740488177935]",hi
"[0.6311901375059269, 0.6394716394716394, 0.6589726063410274, 0.592667056770044, 0.6184217849334127, 0.5999474275336344, 0.5907616892911011, 0.5874125874125874, 0.6307734056987788, 0.5654456654456654]",ar
