Value,Language
"[0.6403703703703704, 0.6957726957726957, 0.5948867935510157, 0.6491616364855801, 0.6193178455501077, 0.6551985286162502, 0.6236363636363637, 0.6433285509325682, 0.6695211800340823, 0.6234936234936236]",en
"[0.6600684718331777, 0.64631364966037, 0.6425953891070171, 0.6226398714203593, 0.6375101862906741, 0.6180083474244612, 0.6241322044765373, 0.6188505565226565, 0.5534862798020693, 0.5747276688453159]",ru
"[0.6470793495708005, 0.6642857142857143, 0.5701044277676388, 0.6685709132137704, 0.6317208815547685, 0.638961038961039, 0.6487109793262499, 0.6491978609625668, 0.6280216237663045, 0.7095660192713038]",fr
"[0.5677365719655896, 0.6107884425238951, 0.6525826748609892, 0.6721567500239534, 0.6012457614624798, 0.640829346092504, 0.6576277957291019, 0.566884531590414, 0.6700918964076857, 0.5791669873790914]",hi
"[0.6870881095600195, 0.5816356156041326, 0.6593314093314093, 0.6484575484575485, 0.6309432585294654, 0.6369005313568213, 0.7063953488372093, 0.6475451547915316, 0.5771928292881672, 0.5758594346829641]",ar
